"station_code","tau_mk","p_valor_mk","slope_sen","p_valor_sen","ponto_mudanca","p_valor_pettitt","n_anomalias","n_extremos","tendencia"
"15124009",-0.338919907808304,1.4414649161798e-11,-0.150740279110178,0.000782537912385319,101,0.000173959490911774,6,0,"Negativa"
"15130000",-0.159685850143433,0.00100942410062999,-0.495815307995469,0.0507708568914141,125,0.0404083671409845,11,0,"Negativa"
